{"_step":2698,"loss":43.89423751831055,"_wandb":{"runtime":709},"_timestamp":1.7294880226595821e+09,"_runtime":709.438044413}